0,1,2,3,4,5,6,7,8,9,10,11,12,13,14,15,16,17,18,19,20,21,22,23,24,25,26,27,28,29,30,31,32,33,34,35,36,37,38
26.97699071138313,26.301252374097363,27.704657068837644,26.40514867271247,27.053165254397754,25.83365158558148,25.479505365978017,25.525977597305253,24.839880121870845,25.06599508726336,26.243506195835188,25.883890475340785,25.772275084811834,25.186854880051317,25.88057204049702,26.870892203955464,26.2421657260298,27.657679538184812,26.775776833446386,28.365562116790127,27.783453249971004,27.668401974876392,29.241609322170273,29.082899170106018,28.55023431353061,27.793983115693912,28.78588830057598,28.526547678316717,28.526547678316717,28.526547678316717,28.526547678316717,28.526547678316717,28.526547678316717,28.526547678316717,28.526547678316717,28.526547678316717,28.526547678316717,28.526547678316717,28.526547678316717
26.974788665771484,26.35417938232422,27.61374855041504,26.44730567932129,27.004329681396484,25.86018180847168,25.479238510131836,25.53104019165039,24.873804092407227,25.10801124572754,26.20349884033203,25.881759643554688,25.770652770996094,25.22867202758789,25.89723014831543,26.817903518676758,26.29435157775879,27.58956527709961,26.83685302734375,28.302223205566406,27.79900360107422,27.70793342590332,29.189775466918945,29.063472747802734,28.543729782104492,27.853675842285156,28.77120590209961,28.5347900390625,28.538475036621094,28.5266056060791,28.535888671875,28.51799964904785,28.501728057861328,28.523523330688477,28.516895294189453,28.494075775146484,28.498098373413086,28.506885528564453,28.445541381835938
27.007630805334323,27.433456165470492,26.575239130150177,26.605230183907622,25.678455128207105,27.151894586169085,26.34878130529729,25.664998695034935,24.90630127558187,25.035456924417065,26.128327025948,26.01280763545279,25.7098420310508,25.307540665803653,25.8592601118924,25.631404898176072,26.213366645500322,26.54662716186116,27.980137636646166,27.13328241595758,28.186528338981677,27.745514280879696,28.241384325461233,27.822675955002158,28.224609683287632,28.093230940632722,28.896489675179655,28.63590009400662,28.63590009400662,28.63590009400662,28.63590009400662,28.63590009400662,28.63590009400662,28.63590009400662,28.63590009400662,28.63590009400662,28.63590009400662,28.63590009400662,28.63590009400662
27.017972946166992,27.42355728149414,26.59613609313965,26.59690284729004,25.733379364013672,27.092994689941406,26.34982681274414,25.679210662841797,24.94300651550293,25.074188232421875,26.096174240112305,26.000368118286133,25.703519821166992,25.332033157348633,25.850948333740234,25.660133361816406,26.21730613708496,26.56844711303711,27.906803131103516,27.166353225708008,28.136173248291016,27.764301300048828,28.233848571777344,27.85346794128418,28.226627349853516,28.12330436706543,28.866451263427734,28.639190673828125,28.645917892456055,28.633752822875977,28.63804817199707,28.62706756591797,28.617267608642578,28.615480422973633,28.626758575439453,28.613399505615234,28.606042861938477,28.587345123291016,28.594257354736328
25.4225667496924,24.87309214001453,25.454132863845565,25.67561556592616,24.46760251984458,27.143019522303053,25.653796931667763,25.417067539930017,25.847588371193215,25.969673486438456,26.019134611999732,26.321966726037367,28.128425783084857,26.682188317128837,27.64511394447642,28.464355476883572,27.58456317006254,27.74834458963985,28.17392316232163,28.273992217887084,28.02297177286093,27.80874118089266,27.840280934056075,27.773283197497992,27.443960709755846,27.926152732523306,25.90067494634976,26.928708630451673,26.928708630451673,26.928708630451673,26.928708630451673,26.928708630451673,26.928708630451673,26.928708630451673,26.928708630451673,26.928708630451673,26.928708630451673,26.928708630451673,26.928708630451673
25.436153411865234,24.933399200439453,25.41823387145996,25.648818969726562,24.62681770324707,26.907882690429688,25.652069091796875,25.48336410522461,25.8574275970459,25.996570587158203,26.107582092285156,26.379247665405273,27.960418701171875,26.784412384033203,27.66004753112793,28.327556610107422,27.636924743652344,27.814088821411133,28.119739532470703,28.227041244506836,28.04873275756836,27.800127029418945,27.80253028869629,27.793245315551758,27.47111701965332,27.834003448486328,26.060823440551758,26.93120002746582,26.932710647583008,26.908329010009766,26.912261962890625,26.904510498046875,26.88521385192871,26.908292770385742,26.918243408203125,26.927921295166016,26.89117431640625,26.94345474243164,27.05966567993164
-1.446398468797053,-2.0529809582960388,-2.2286062361093104,-0.7733495858838917,-0.5239555148667798,1.5162082262466356,3.4600894315636053,6.652211892473156,8.881762720199868,16.222664088551863,24.24830613348469,33.61402046630789,42.0597654066477,47.1738234578324,49.84071166971608,48.55366804548247,47.7717865489898,44.00292262668248,39.98847324584597,36.6530551341471,34.52834242888762,32.270382778849914,31.080812644171342,30.748774769045163,29.223837758938625,28.97022342620653,27.481284856836098,26.826393806235473,26.1714114578279,25.605832435300513,25.11745342554438,24.695736834811328,24.33158342250904,24.017135969870548,23.745609747321353,23.511146122594223,23.308686150941853,23.133861419944957,22.982899793709937
-1.498268723487854,-2.034846544265747,-2.12265682220459,-0.9176576733589172,-0.242153599858284,1.4840340614318848,3.344989061355591,6.153984069824219,9.421035766601562,16.250904083251953,24.448625564575195,33.61212158203125,41.77930450439453,47.08081817626953,49.6962890625,49.05689239501953,47.462039947509766,43.9630126953125,40.138587951660156,36.83443069458008,34.45294952392578,32.342037200927734,31.05617332458496,30.360260009765625,29.170015335083008,28.64504623413086,27.531959533691406,26.8992919921875,26.21734046936035,25.660022735595703,25.161787033081055,24.72442626953125,24.43362045288086,24.01709747314453,23.838970184326172,23.681856155395508,23.585296630859375,23.301570892333984,23.30278778076172
26.48939561831653,26.116846333441195,27.72942119892511,27.30794768164557,28.154923494848614,27.587588722511263,28.63400308281651,27.871573123937683,28.493312942997694,27.94073482532972,28.420437474192802,27.76056767840001,29.037602197253108,27.41396648875583,29.06226022842128,27.786882705103825,27.67604732399876,27.208194094858786,26.67142458963864,27.757925327519917,26.22943614315313,26.238315513006906,26.120001503775327,25.2081953059657,25.699746941452485,25.194376837346475,25.259471336080885,24.443485638651854,24.221697108731334,23.99990857881081,23.778120048890287,23.556331518969763,23.334542989049243,23.11275445912872,22.890965929208196,22.669177399287676,22.447388869367153,22.22560033944663,22.003811809526105
26.5965633392334,26.165023803710938,27.659761428833008,27.181995391845703,28.022579193115234,27.540246963500977,28.450794219970703,27.89512825012207,28.40237045288086,28.019378662109375,28.42585563659668,27.8571834564209,28.854238510131836,27.58970069885254,28.81477165222168,27.822174072265625,27.726539611816406,27.262479782104492,26.86113739013672,27.525569915771484,26.33827781677246,26.259864807128906,26.06429672241211,25.309246063232422,25.60582733154297,25.12132453918457,25.133235931396484,24.486703872680664,24.230913162231445,24.042600631713867,23.81279754638672,23.607227325439453,23.325876235961914,23.12823486328125,23.03221893310547,22.811397552490234,22.79537010192871,22.42333984375,22.31633186340332
-5.10725933381357,-4.681650001038309,-4.642733793785531,-4.237212112654279,-4.12058167007419,-4.82773578151609,-4.357041836797048,-4.802060448512317,-3.10714052218711,-2.2585979028763514,-3.214191245651468,-2.3350167573708003,-2.5069988896733664,-2.457397922533516,-2.088879941813199,-2.0059276503096415,-1.0581269466289824,0.22993375826585938,0.45596393593713547,3.039698501210428,5.304739439756763,10.915008717769195,16.931148507881492,24.57133659514172,33.24591764893541,42.34036498258717,47.539236213901326,53.09483167240755,58.65038259652688,64.20593352064621,69.76148444476554,75.31703536888487,80.87258629300422,86.42813721712355,91.98368814124288,97.53923906536221,103.09478998948154,108.65034091360087,114.2058918377202
-5.07415771484375,-4.6865739822387695,-4.738058567047119,-4.538342475891113,-4.301217555999756,-4.293127536773682,-3.9670560359954834,-3.8613219261169434,-3.443350315093994,-3.0824010372161865,-3.063563346862793,-2.6666781902313232,-2.429898738861084,-2.187211275100708,-1.8959978818893433,-1.6495418548583984,-1.2209701538085938,-0.5346434712409973,0.45966488122940063,2.6331167221069336,5.922529220581055,11.043355941772461,17.36772346496582,24.940359115600586,32.983192443847656,40.945960998535156,47.66766357421875,53.66591262817383,59.15422439575195,64.36051940917969,69.54612731933594,74.9150390625,80.479248046875,86.38750457763672,92.20731353759766,98.05207824707031,103.42725372314453,108.3065414428711,112.17039489746094
26.081870334109116,25.27693034249591,25.479772425321425,25.547023568788774,25.592854605600984,24.663445881469947,24.993876466379053,26.07649372036936,25.76828111541911,25.77670461735824,25.975798279344943,26.16555417496832,27.708706818035573,27.14215226204287,26.934698788297197,27.506137568726007,27.944217822901653,27.77552755083225,27.67108890339678,28.69179571104059,28.684858803003305,27.849213869852843,28.415608944569225,28.019026835100345,28.41178582237465,27.7840843484147,27.13202702282016,27.391802112876192,27.391802112876192,27.391802112876192,27.391802112876192,27.391802112876192,27.391802112876192,27.391802112876192,27.391802112876192,27.391802112876192,27.391802112876192,27.391802112876192,27.391802112876192
26.09282875061035,25.309810638427734,25.483476638793945,25.55514907836914,25.577701568603516,24.69129180908203,25.013492584228516,26.044189453125,25.777814865112305,25.79143714904785,25.980436325073242,26.205078125,27.661741256713867,27.146221160888672,26.959369659423828,27.503507614135742,27.930625915527344,27.78622817993164,27.701284408569336,28.656991958618164,28.651161193847656,27.880123138427734,28.38671112060547,28.03738784790039,28.38554573059082,27.788145065307617,27.178760528564453,27.394607543945312,27.39274787902832,27.389822006225586,27.375030517578125,27.384000778198242,27.38414192199707,27.371110916137695,27.35930824279785,27.374675750732422,27.380279541015625,27.377099990844727,27.376285552978516
29.025112975946495,28.11286665871337,28.305562554757316,28.116265166031273,27.99275745422824,27.423008742316487,27.640100761952567,27.542425259917795,27.36240776841528,27.51621566042432,25.492583098130726,26.13776643368599,25.667572886991994,25.259831780380825,25.399338468079574,25.706286231083787,26.379066363563688,25.678786983627877,25.162202842324138,25.469521799001093,25.289454715635067,26.303255250291564,25.663603418212038,26.63132899777567,27.601987478274232,26.32828672271584,27.495473953677024,27.19730737413766,27.19730737413766,27.19730737413766,27.19730737413766,27.19730737413766,27.19730737413766,27.19730737413766,27.19730737413766,27.19730737413766,27.19730737413766,27.19730737413766,27.19730737413766
28.994367599487305,28.11459732055664,28.304452896118164,28.11111068725586,27.978744506835938,27.468538284301758,27.615392684936523,27.526168823242188,27.334068298339844,27.428913116455078,25.585119247436523,26.110000610351562,25.695274353027344,25.290599822998047,25.4091796875,25.701303482055664,26.302040100097656,25.67296600341797,25.200956344604492,25.471351623535156,25.33833885192871,26.256866455078125,25.707584381103516,26.625120162963867,27.511329650878906,26.40230941772461,27.453224182128906,27.203893661499023,27.207792282104492,27.206146240234375,27.20983123779297,27.210933685302734,27.204341888427734,27.193220138549805,27.19442367553711,27.20178985595703,27.196462631225586,27.22256088256836,27.13275146484375
28.06538091192649,28.64706694847482,27.663196178102236,28.94720747301071,28.174434321358643,27.596872789560592,27.8372930031957,28.09827805968356,26.62045288902204,26.21213293382687,25.682107721090063,26.846645046901898,26.382599060439915,25.842491650455433,25.16420532425336,25.45832043228537,25.18633702046473,24.767503157267612,24.800438850165204,25.662934287171904,26.574748736167507,26.840436142029468,26.504892022363283,26.98899520940171,26.17181605987222,27.88008248005764,28.66043676580513,28.48479754085175,28.48479754085175,28.48479754085175,28.48479754085175,28.48479754085175,28.48479754085175,28.48479754085175,28.48479754085175,28.48479754085175,28.48479754085175,28.48479754085175,28.48479754085175
28.081111907958984,28.622610092163086,27.726348876953125,28.908687591552734,28.18825912475586,27.612815856933594,27.842317581176758,28.044675827026367,26.65843391418457,26.202341079711914,25.7264404296875,26.798782348632812,26.364694595336914,25.830291748046875,25.191865921020508,25.44573211669922,25.188325881958008,24.791658401489258,24.831010818481445,25.669208526611328,26.541757583618164,26.818050384521484,26.521120071411133,26.957651138305664,26.25320053100586,27.847957611083984,28.623456954956055,28.491113662719727,28.476499557495117,28.48480224609375,28.4833984375,28.502824783325195,28.50528907775879,28.48586082458496,28.47808265686035,28.474042892456055,28.4802188873291,28.4805908203125,28.492578506469727
27.89069930033388,29.497747263313638,28.323923819599443,28.625147981842165,27.690069980694904,27.770871859303483,27.94775212859249,27.1392402319812,26.508000790991613,25.695961622890945,26.117114844541366,25.436373357710156,25.72725679815491,25.70410279344676,25.81550737340156,25.35502145619939,25.23291586766602,25.453314241434285,25.75656988908071,25.718381463498233,25.63917596022759,25.980761851534083,26.514750597157047,27.030292272478633,27.275828233891232,27.559964526488578,28.00103709835773,27.93891604819194,27.93891604819194,27.93891604819194,27.93891604819194,27.93891604819194,27.93891604819194,27.93891604819194,27.93891604819194,27.93891604819194,27.93891604819194,27.93891604819194,27.93891604819194
27.969343185424805,29.43893814086914,28.354698181152344,28.58319664001465,27.718978881835938,27.767274856567383,27.8934268951416,27.137279510498047,26.51327133178711,25.757373809814453,26.091869354248047,25.47890281677246,25.719453811645508,25.69415283203125,25.771522521972656,25.35782814025879,25.23602294921875,25.453401565551758,25.747772216796875,25.728525161743164,25.665884017944336,26.001352310180664,26.510854721069336,27.012531280517578,27.264108657836914,27.555112838745117,27.981050491333008,27.94147300720215,27.936445236206055,27.95034408569336,27.95532989501953,27.954730987548828,27.948368072509766,27.94170570373535,27.933147430419922,27.927776336669922,27.932634353637695,27.916057586669922,27.90618896484375
26.08873330131901,25.88956631923759,26.066867983670768,26.031031930679866,25.626514003400892,27.978318999377,26.913890233631793,27.639520930425867,27.9719662656092,27.853080595817975,28.436264768167085,29.11821954186298,28.47703209291654,27.756302229269096,27.527650306479963,28.690087000493527,28.58690166709511,27.764563433131684,28.703547062513508,27.137473724359396,27.4373967254142,26.631147023174595,25.95159785956023,26.920875672477525,26.22061442473056,26.07812906314788,25.404323542131944,25.173798911786882,24.947919021153762,24.722039130520642,24.496159239887522,24.270279349254402,24.04439945862128,23.81851956798816,23.59263967735504,23.36675978672192,23.1408798960888,22.91500000545568,22.689120114822558
26.011667251586914,25.873178482055664,25.9588565826416,26.08629608154297,25.841114044189453,27.60721778869629,27.016847610473633,27.578046798706055,27.896852493286133,27.865707397460938,28.365562438964844,28.844846725463867,28.41248321533203,28.00545883178711,27.799875259399414,28.60562515258789,28.467891693115234,27.868446350097656,28.477230072021484,27.282136917114258,27.397727966308594,26.75473403930664,26.192447662353516,26.724424362182617,26.129192352294922,25.931489944458008,25.37908935546875,25.155378341674805,25.003557205200195,24.75656509399414,24.50425910949707,24.191741943359375,23.99564552307129,23.878204345703125,23.747570037841797,23.612844467163086,23.389318466186523,23.240798950195312,23.09306526184082
26.18284435626422,25.616838587036,27.17158856805822,26.707728048316927,27.434527571250058,28.36457554765391,27.825299750883364,28.295531378682863,28.72427563486605,28.602890193025864,28.255312139275706,29.328785094726545,28.578460223475748,27.241144539371305,27.789732175369732,28.125085768920748,27.887569357485134,27.343139168241155,27.051384264863383,26.94532368757706,26.61342939386571,25.424708337614735,25.324578855535094,25.11338132449322,25.869856272211077,24.7074737241594,25.425907153463662,24.379486073308115,24.282990418923553,24.186494764538995,24.089999110154434,23.993503455769876,23.897007801385314,23.800512147000756,23.704016492616198,23.607520838231636,23.511025183847078,23.414529529462516,23.31803387507796
26.17188262939453,25.70330047607422,27.114166259765625,26.7834529876709,27.409923553466797,28.26192283630371,27.83279800415039,28.298484802246094,28.642568588256836,28.58078956604004,28.291893005371094,29.16686248779297,28.521709442138672,27.41611099243164,27.829511642456055,28.07602310180664,27.840566635131836,27.32768440246582,27.059345245361328,26.925138473510742,26.597454071044922,25.56325912475586,25.41043472290039,25.171987533569336,25.750267028808594,24.76896858215332,25.247854232788086,24.38530921936035,24.312061309814453,24.14219093322754,24.041584014892578,24.01114845275879,23.907930374145508,23.83643341064453,23.806476593017578,23.734298706054688,23.644468307495117,23.594905853271484,23.569082260131836
26.930459669298028,26.628348741246565,27.23591306426941,28.37894936076288,27.816286641685274,28.583403218668767,28.308917512139523,28.527424786973057,29.063263353061977,27.967738865982966,29.160194060984505,28.81488253575874,26.974524426184868,28.012846058362946,27.279160259614578,26.885207295406772,26.72587538580373,26.49304024002402,26.012857776553993,26.289069558831144,26.427679156160128,26.358694699326232,25.74317713644385,25.07309058906618,25.42130011391926,24.9878861091819,25.399885230768263,25.31024701211095,25.31024701211095,25.31024701211095,25.31024701211095,25.31024701211095,25.31024701211095,25.31024701211095,25.31024701211095,25.31024701211095,25.31024701211095,25.31024701211095,25.31024701211095
26.888864517211914,26.665430068969727,27.254777908325195,28.321044921875,27.862417221069336,28.548904418945312,28.328487396240234,28.537521362304688,29.00606918334961,28.01690673828125,29.107873916625977,28.758506774902344,27.055763244628906,27.97254180908203,27.303020477294922,26.894569396972656,26.73584747314453,26.49810791015625,26.040254592895508,26.277284622192383,26.39940643310547,26.32111358642578,25.736228942871094,25.107486724853516,25.397418975830078,25.03343391418457,25.382221221923828,25.305892944335938,25.316383361816406,25.29446029663086,25.31438446044922,25.31309700012207,25.30014419555664,25.331613540649414,25.315431594848633,25.31897735595703,25.36728858947754,25.3208065032959,25.319854736328125
25.753769409498002,26.648259617053203,26.500218608533782,27.53023902214384,26.268614895440255,28.257838712599593,27.275694635842957,28.1373204043992,28.15747304254151,28.626158867129057,29.04367646072131,28.02109778799384,28.86022122352959,28.008858890757267,28.734104964864812,28.44158304393243,27.575253706857957,28.52229683708969,26.2205094583176,26.556112331458003,26.651283369123675,25.783035653948346,25.231823034000683,25.955097990205157,26.29349041409671,25.81353406116496,26.2014922628103,26.088006691542013,26.088006691542013,26.088006691542013,26.088006691542013,26.088006691542013,26.088006691542013,26.088006691542013,26.088006691542013,26.088006691542013,26.088006691542013,26.088006691542013,26.088006691542013
25.760196685791016,26.62344741821289,26.54498863220215,27.44896697998047,26.371740341186523,28.16816520690918,27.330781936645508,28.106163024902344,28.17502212524414,28.635778427124023,28.976966857910156,28.101640701293945,28.80095100402832,28.053802490234375,28.68910026550293,28.423511505126953,27.6162109375,28.423912048339844,26.308116912841797,26.53910255432129,26.644914627075195,25.800071716308594,25.28014373779297,25.95697021484375,26.254993438720703,25.840839385986328,26.16811180114746,26.08048439025879,26.083250045776367,26.079015731811523,26.10334587097168,26.079265594482422,26.09498405456543,26.0988826751709,26.09208106994629,26.111467361450195,26.117834091186523,26.090259552001953,26.1467342376709
26.037068026648182,26.732029861350203,27.777349251261175,26.93164728040542,27.992079308854986,27.30271270261346,28.05917189103438,28.43656229121273,29.381366058357948,29.099913418289646,28.59681913574603,27.371300717226827,27.942737690833006,28.393388578691088,27.834011136233247,27.245332026099998,28.199063518658143,27.700660159901606,27.20844961484198,25.93569454974229,26.713366602862507,25.635200992653942,26.29301212533403,25.295862257234166,25.530216031271323,24.962440895615575,25.276267165109918,24.628164624001272,24.441793530708523,24.255422437415778,24.069051344123032,23.882680250830287,23.696309157537538,23.509938064244793,23.323566970952047,23.1371958776593,22.950824784366553,22.764453691073808,22.578082597781062
26.048019409179688,26.701908111572266,27.538803100585938,27.0164794921875,27.895360946655273,27.412229537963867,28.064733505249023,28.35552215576172,29.142948150634766,28.9251766204834,28.545764923095703,27.589113235473633,28.029048919677734,28.29680061340332,27.887910842895508,27.408159255981445,28.053068161010742,27.61023712158203,27.17386817932129,26.12982177734375,26.636228561401367,25.720247268676758,26.17313003540039,25.326814651489258,25.472591400146484,24.965044021606445,25.189054489135742,24.65025520324707,24.450708389282227,24.221271514892578,24.12541389465332,23.896007537841797,23.72553062438965,23.572616577148438,23.456872940063477,23.282991409301758,23.11725425720215,23.063644409179688,22.799701690673828
28.29292760046531,27.766462124049497,28.67227225050779,28.305154483205094,27.556203462439264,26.577011616240096,27.20032126160472,26.36332465334142,25.493243434099274,26.35817239208175,24.915367958248844,25.018101854307346,25.254820925318413,25.7025145848541,24.849439673720543,24.981126676743877,24.967434472529213,25.332995229965046,25.377447365975733,25.23260528879385,26.85314512728453,26.372119833439182,27.68537926419968,27.98202514691523,27.99322575371148,28.25097821581616,28.17810854799749,28.180509393816166,28.180509393816166,28.180509393816166,28.180509393816166,28.180509393816166,28.180509393816166,28.180509393816166,28.180509393816166,28.180509393816166,28.180509393816166,28.180509393816166,28.180509393816166
28.293323516845703,27.834854125976562,28.64443016052246,28.26043128967285,27.54865074157715,26.632081985473633,27.144990921020508,26.37286376953125,25.548566818237305,26.284122467041016,24.97193145751953,25.039880752563477,25.24323272705078,25.641794204711914,24.86513900756836,24.971811294555664,24.98291015625,25.325176239013672,25.39742660522461,25.305025100708008,26.79439353942871,26.407875061035156,27.653560638427734,27.951486587524414,27.991973876953125,28.215003967285156,28.203678131103516,28.192495346069336,28.196557998657227,28.19189453125,28.186824798583984,28.174182891845703,28.173702239990234,28.177549362182617,28.1815128326416,28.17986297607422,28.1578311920166,28.17894744873047,28.15520477294922
27.13997795515356,28.63829788500723,28.17775504484432,28.990567138847283,28.382696170994414,27.274102711131437,28.033469612411817,27.626493184140863,26.75664834081098,26.871730210950417,26.38637153276059,26.333651262775998,26.14801825663525,26.12716241093664,25.549568602642616,24.882329394342733,25.077571886394875,25.762729777221875,25.610312543485072,25.652858989437604,25.72458129787382,26.44527459117318,26.714392571246954,26.78045595670007,26.798034155735046,27.18472306579539,28.551256129854224,28.43518590299733,28.43518590299733,28.43518590299733,28.43518590299733,28.43518590299733,28.43518590299733,28.43518590299733,28.43518590299733,28.43518590299733,28.43518590299733,28.43518590299733,28.43518590299733
27.207721710205078,28.61105728149414,28.284875869750977,28.95810317993164,28.348529815673828,27.381452560424805,27.96856689453125,27.593530654907227,26.80712890625,26.834857940673828,26.382221221923828,26.30794334411621,26.13284683227539,26.08261489868164,25.55988311767578,24.954418182373047,25.114328384399414,25.741361618041992,25.612060546875,25.64797592163086,25.751319885253906,26.413942337036133,26.695697784423828,26.782072067260742,26.831703186035156,27.226139068603516,28.46370506286621,28.424659729003906,28.430089950561523,28.442514419555664,28.44449806213379,28.47052001953125,28.442829132080078,28.43561363220215,28.448413848876953,28.440919876098633,28.396865844726562,28.3992919921875,28.452407836914062
28.08507500283664,27.734364046193487,27.71747449265089,27.281624250364345,27.134983159060692,26.82220028214097,26.502151425984128,25.55183721325842,24.942024068688575,24.74666728021186,24.73435947851471,25.02989297213161,24.850890679901138,25.39106632611057,25.98408130010344,25.401849408016883,25.53434595429545,26.49637054178123,27.011064533156812,26.58170712731517,27.29889986824572,28.269411862950967,27.945150722060074,29.321850658817088,29.005350165183295,28.472914004613283,29.37645823039392,29.37636286893404,29.37636286893404,29.37636286893404,29.37636286893404,29.37636286893404,29.37636286893404,29.37636286893404,29.37636286893404,29.37636286893404,29.37636286893404,29.37636286893404,29.37636286893404
28.06756591796875,27.751506805419922,27.704198837280273,27.283432006835938,27.111759185791016,26.80665397644043,26.472761154174805,25.56047821044922,24.979591369628906,24.767871856689453,24.757631301879883,25.02704429626465,24.85648536682129,25.38741111755371,25.939403533935547,25.415409088134766,25.555673599243164,26.473045349121094,26.981252670288086,26.62436294555664,27.30537986755371,28.233524322509766,27.995594024658203,29.26469612121582,28.99429702758789,28.52281379699707,29.357980728149414,29.383047103881836,29.383811950683594,29.389257431030273,29.36436653137207,29.384567260742188,29.37843894958496,29.3564453125,29.380725860595703,29.357460021972656,29.361923217773438,29.36486053466797,29.354074478149414
26.99188763658937,26.591629721946507,27.354965584520844,27.887364727203906,28.553478347130852,27.98110975001994,28.467273709209543,27.679071205668095,28.615892543865304,27.743269340575317,29.23124499201651,27.716126195518815,28.553849424869796,28.30644244414425,27.81284489623404,27.56456964314088,26.51831859229548,25.881538478987526,26.633724781713273,26.244297509432386,25.934476940032432,25.71753231567034,25.099587193887515,25.563352431835753,25.273550343654616,24.97465949691848,25.800572364035272,25.5589141176012,25.5589141176012,25.5589141176012,25.5589141176012,25.5589141176012,25.5589141176012,25.5589141176012,25.5589141176012,25.5589141176012,25.5589141176012,25.5589141176012,25.5589141176012
26.980558395385742,26.656829833984375,27.359975814819336,27.905027389526367,28.514209747314453,28.024269104003906,28.444446563720703,27.744274139404297,28.567434310913086,27.810943603515625,29.11357879638672,27.772132873535156,28.498464584350586,28.26048469543457,27.802284240722656,27.546598434448242,26.56178855895996,25.95453643798828,26.624540328979492,26.243309020996094,25.95134735107422,25.703989028930664,25.145511627197266,25.532459259033203,25.27161407470703,25.00385284423828,25.749635696411133,25.548913955688477,25.53356170654297,25.554712295532227,25.53670883178711,25.57125473022461,25.559045791625977,25.594572067260742,25.573833465576172,25.590999603271484,25.587575912475586,25.602405548095703,25.602081298828125
28.596781968117636,27.887160750404306,29.345736094262477,28.32299328029511,27.545296055412752,28.317533727330478,27.9884912015127,28.882401961808608,28.72050429582345,27.421826638844383,27.23921029507138,26.99918943306405,26.09179696117556,26.53533276018792,25.93654529783426,25.90525559208355,25.806333345345625,25.777591433713013,24.909224598553653,24.85573106595067,25.135584886012992,25.638120071296502,25.919580080477097,25.773580199456127,25.789860953785638,26.76512245597458,27.4614373325087,27.311755506461342,27.311755506461342,27.311755506461342,27.311755506461342,27.311755506461342,27.311755506461342,27.311755506461342,27.311755506461342,27.311755506461342,27.311755506461342,27.311755506461342,27.311755506461342
28.595918655395508,27.92963409423828,29.28733253479004,28.36190414428711,27.591562271118164,28.311737060546875,28.010957717895508,28.849300384521484,28.66291046142578,27.432750701904297,27.239152908325195,26.982194900512695,26.140422821044922,26.502437591552734,25.93979263305664,25.899808883666992,25.798898696899414,25.755603790283203,24.94835090637207,24.881662368774414,25.144657135009766,25.632173538208008,25.901899337768555,25.773948669433594,25.828031539916992,26.75080680847168,27.41948127746582,27.30902671813965,27.300689697265625,27.308237075805664,27.317380905151367,27.323556900024414,27.328685760498047,27.332578659057617,27.315841674804688,27.310022354125977,27.320825576782227,27.29939842224121,27.3071231842041
25.560557998810225,25.328390494914895,25.63360710434374,25.97682424744013,25.757872482247244,25.151506925946975,25.88849118017587,26.634485915695013,26.13798254131545,27.304719737523357,27.248470682452524,27.3454060694184,27.83566942931359,28.83606263352431,27.89617671080852,27.47144983497197,28.416035667185678,28.686530002352608,28.19102786677791,28.509642450683927,28.1824758747903,28.66603351067121,28.50114352346899,27.31896659865509,26.904551163876267,27.506373637719356,26.178662062697462,26.52333842601406,26.52333842601406,26.52333842601406,26.52333842601406,26.52333842601406,26.52333842601406,26.52333842601406,26.52333842601406,26.52333842601406,26.52333842601406,26.52333842601406,26.52333842601406
25.57862663269043,25.333412170410156,25.639236450195312,25.958654403686523,25.749042510986328,25.20392608642578,25.92348289489746,26.587570190429688,26.18264389038086,27.269046783447266,27.247764587402344,27.3594913482666,27.85316276550293,28.759662628173828,27.92941665649414,27.546579360961914,28.392793655395508,28.666667938232422,28.209064483642578,28.486989974975586,28.19706916809082,28.621274948120117,28.455074310302734,27.350614547729492,26.937665939331055,27.445589065551758,26.253671646118164,26.5219783782959,26.528026580810547,26.533458709716797,26.507856369018555,26.505624771118164,26.514039993286133,26.51123046875,26.506134033203125,26.49779510498047,26.516157150268555,26.563098907470703,26.513092041015625
26.392401198919412,26.434735619774475,25.13146023689695,24.433720060103493,26.679968177373585,24.867396683570266,25.953950354169354,25.938155793136534,24.848174728141363,26.61278513062033,25.829405051025773,26.2017610138815,26.405950764844267,27.109864276892804,27.8299133685446,27.818143978074826,27.091123473571024,28.2674447282774,28.866484263023832,28.66105999424478,28.165270502366322,28.612347882089573,28.843942680855402,27.821182307757343,28.128757791386484,27.494090112422022,28.46999559411888,28.150570883114565,28.150570883114565,28.150570883114565,28.150570883114565,28.150570883114565,28.150570883114565,28.150570883114565,28.150570883114565,28.150570883114565,28.150570883114565,28.150570883114565,28.150570883114565
26.411380767822266,26.386550903320312,25.168508529663086,24.51173973083496,26.586994171142578,24.937667846679688,25.932828903198242,25.90225601196289,24.9256649017334,26.56085777282715,25.86408042907715,26.208402633666992,26.430219650268555,27.115894317626953,27.802471160888672,27.7982177734375,27.140443801879883,28.23424530029297,28.838233947753906,28.648494720458984,28.18289566040039,28.606929779052734,28.820371627807617,27.858455657958984,28.1287841796875,27.544172286987305,28.45179557800293,28.15794563293457,28.146583557128906,28.143993377685547,28.1396427154541,28.12898826599121,28.139434814453125,28.1339111328125,28.125244140625,28.133638381958008,28.127761840820312,28.146488189697266,28.13228988647461
36.54124279856775,34.63278961784763,32.54067316589212,31.752966393087906,29.670487887007443,29.924973002517667,29.561550829463688,27.734333836749137,27.565815745320513,27.321546028517602,26.329966626096496,26.68545500011874,25.532532550763005,26.111174172699553,25.45639984654755,25.22019167789526,25.680258898893218,25.773782872159142,25.880774073131267,25.89056619567674,26.74556406287403,25.779642985653105,27.136804205673872,26.048660193277218,27.819633318147837,26.352107514449685,28.14388957584965,27.68033544066269,27.92357370903464,28.13199136370802,28.310573126644805,28.463590135225903,28.5947020949807,28.707044808710023,28.803305175435312,28.88578545292276,28.95645832074822,29.017014060845415,29.06890098395395
36.4111442565918,34.5240478515625,32.63144302368164,31.61084747314453,30.005895614624023,29.782663345336914,29.255340576171875,27.936500549316406,27.5775146484375,27.215007781982422,26.465242385864258,26.53989601135254,25.70841407775879,26.00499153137207,25.539594650268555,25.41054344177246,25.63126564025879,25.772727966308594,25.828914642333984,25.904735565185547,26.50057601928711,25.98661994934082,26.872529983520508,26.397260665893555,27.44050407409668,26.776927947998047,27.903926849365234,27.743871688842773,27.967315673828125,28.182565689086914,28.345203399658203,28.469148635864258,28.541257858276367,28.676240921020508,28.72909927368164,28.788291931152344,28.86505699157715,28.8643798828125,28.902637481689453
27.859064497708665,27.8577669561402,28.20460486492236,28.888879364009238,27.889088228398943,28.7692084042654,28.536542474311197,27.698838094117942,28.373046511122514,27.849283982667245,27.988564757457542,26.6892300830836,26.77043472808206,27.129923097698676,26.24849872971453,25.636270649492076,26.00603448416246,25.27880811930148,25.655191841243827,25.292074927901535,25.183331611919282,25.083844934003668,25.687609349455798,25.78813285647353,26.536314789348577,26.556210299971035,26.1707300891655,26.258478489622437,26.258478489622437,26.258478489622437,26.258478489622437,26.258478489622437,26.258478489622437,26.258478489622437,26.258478489622437,26.258478489622437,26.258478489622437,26.258478489622437,26.258478489622437
27.870149612426758,27.872817993164062,28.22310447692871,28.840545654296875,27.93678855895996,28.731504440307617,28.521089553833008,27.727840423583984,28.331695556640625,27.86214828491211,27.94642448425293,26.721832275390625,26.783668518066406,27.078533172607422,26.259370803833008,25.654579162597656,25.971168518066406,25.31784439086914,25.650373458862305,25.301151275634766,25.204784393310547,25.116764068603516,25.67117691040039,25.79135513305664,26.49793815612793,26.52193260192871,26.1795654296875,26.256301879882812,26.26385498046875,26.272785186767578,26.269765853881836,26.268156051635742,26.26118278503418,26.252729415893555,26.26894187927246,26.279218673706055,26.26825714111328,26.276546478271484,26.258926391601562
26.873191718428867,27.885001284163632,28.376918284748186,28.36583017352157,29.322291224283884,28.890692953815435,28.421639548758638,28.555543697042523,27.878344036780707,27.6631400959927,27.200058837469044,27.035077075617544,27.806498516796655,27.18049224725531,26.634340819842837,26.73391099574269,25.74449579895897,25.552312340922857,26.032515805773762,25.125306738720674,24.977338784680374,25.596708386110745,25.716982809349528,25.63350250147213,25.93238738292065,25.524559435248797,25.354759898909325,25.36282605243763,25.36282605243763,25.36282605243763,25.36282605243763,25.36282605243763,25.36282605243763,25.36282605243763,25.36282605243763,25.36282605243763,25.36282605243763,25.36282605243763,25.36282605243763
26.896717071533203,27.89630126953125,28.362777709960938,28.37286376953125,29.280216217041016,28.86797332763672,28.41598892211914,28.52430534362793,27.883975982666016,27.65578269958496,27.215442657470703,27.0527286529541,27.766849517822266,27.16790771484375,26.646526336669922,26.712623596191406,25.773460388183594,25.57979393005371,25.999637603759766,25.155107498168945,25.01002311706543,25.578744888305664,25.70249366760254,25.63298225402832,25.90100860595703,25.530860900878906,25.354583740234375,25.3631649017334,25.371753692626953,25.362255096435547,25.370891571044922,25.36750602722168,25.37198829650879,25.38425636291504,25.3746337890625,25.379810333251953,25.380178451538086,25.373533248901367,25.401168823242188
25.648349701583086,25.528109288030937,25.93074603925274,24.803377320526693,25.77932000757421,25.976050431058844,24.740553055175997,26.309169310717966,26.345714605622888,26.353105101131952,26.839397295076196,27.98581577690307,27.658514878880588,28.167566821062003,27.919665991549635,28.837904092953668,28.17585389822188,28.43580894170782,27.573364905204844,27.94833985138149,28.728193649597454,28.31460328643572,27.357584667464025,28.275779962891345,26.80822333894244,26.572235578822582,26.279225389096478,26.478019048632135,26.478019048632135,26.478019048632135,26.478019048632135,26.478019048632135,26.478019048632135,26.478019048632135,26.478019048632135,26.478019048632135,26.478019048632135,26.478019048632135,26.478019048632135
25.641172409057617,25.542760848999023,25.88026237487793,24.86935806274414,25.755512237548828,25.926687240600586,24.829153060913086,26.284317016601562,26.334388732910156,26.38088035583496,26.88250160217285,27.924209594726562,27.693239212036133,28.146766662597656,27.939205169677734,28.802562713623047,28.19658660888672,28.402538299560547,27.631650924682617,27.955961227416992,28.672733306884766,28.298612594604492,27.404775619506836,28.199440002441406,26.85732078552246,26.582927703857422,26.308712005615234,26.477445602416992,26.482641220092773,26.464757919311523,26.47134780883789,26.46109390258789,26.466609954833984,26.44727325439453,26.477436065673828,26.45013427734375,26.491531372070312,26.47144889831543,26.493980407714844
26.54093977603123,26.81363928878162,25.745929888855795,27.143078205947585,26.948918128226,27.085012873969827,28.185289907116434,28.653710412199942,28.32320139286539,28.02064018963602,29.11033689981473,28.81666948414297,28.547990682084126,27.38453685843297,27.371348668523773,28.394639951958666,26.823522268008496,27.071987806053933,27.10404953923839,26.100812140636776,25.62131430228842,27.080840630115315,26.17552675284955,25.22398450652945,26.036942491035692,25.33941097561293,25.06987824584224,25.25822497952944,25.25822497952944,25.25822497952944,25.25822497952944,25.25822497952944,25.25822497952944,25.25822497952944,25.25822497952944,25.25822497952944,25.25822497952944,25.25822497952944,25.25822497952944
26.497400283813477,26.744590759277344,25.84124183654785,27.12687110900879,27.006023406982422,27.15077781677246,28.134061813354492,28.59375762939453,28.311485290527344,28.038333892822266,29.025707244873047,28.764999389648438,28.49245834350586,27.486053466796875,27.44830322265625,28.29775619506836,26.886552810668945,27.067607879638672,27.077430725097656,26.151714324951172,25.726259231567383,26.937808990478516,26.134428024291992,25.299013137817383,25.967172622680664,25.359554290771484,25.107208251953125,25.232315063476562,25.278779983520508,25.23137855529785,25.19293785095215,25.239530563354492,25.306249618530273,25.26806640625,25.26712417602539,25.39324188232422,25.322235107421875,25.274993896484375,25.493499755859375
26.00636656949124,24.79657936245863,25.74632128191336,25.161867638237766,25.71097074390081,25.524371234047443,26.10953460677905,26.548667307071035,26.66517177731935,26.858123140060183,28.22537146099983,27.463369560486747,27.568078731703746,28.13441149823844,28.30305862258059,28.007972726651513,28.679621041601155,28.816125833229727,27.886626515513676,27.944508778153615,28.872604292643576,26.767181989302607,26.57721065163201,27.177269369789034,25.975813136247428,26.1113066881118,26.05703416982186,26.102320179281826,26.102320179281826,26.102320179281826,26.102320179281826,26.102320179281826,26.102320179281826,26.102320179281826,26.102320179281826,26.102320179281826,26.102320179281826,26.102320179281826,26.102320179281826
25.956029891967773,24.86098861694336,25.6921329498291,25.235525131225586,25.662195205688477,25.55908966064453,26.119216918945312,26.513118743896484,26.68451499938965,26.895732879638672,28.138364791870117,27.51447296142578,27.588350296020508,28.136640548706055,28.30290985107422,28.03879737854004,28.649608612060547,28.767620086669922,27.89958953857422,27.957202911376953,28.769771575927734,26.818897247314453,26.631174087524414,27.13785171508789,26.029314041137695,26.120351791381836,26.061880111694336,26.092748641967773,26.09709358215332,26.089563369750977,26.093250274658203,26.08100128173828,26.08444595336914,26.080480575561523,26.11138343811035,26.11777114868164,26.13701057434082,26.100055694580078,26.099628448486328
24.88475871033179,25.63743538927415,25.663424470399754,25.07847282941507,26.8340197197589,27.055344703773386,26.349452276939623,26.569182681128495,27.71818892910314,28.055711622917244,27.879793093020346,28.371909903899812,27.99122298452585,28.62115888624998,28.325216887972953,28.92685282916107,28.87012926688884,28.47924830348798,27.64575818795474,27.88554936954543,26.939852913998166,27.021079747444134,26.743166669052723,26.584600521339148,27.33933906822037,26.25991253843564,26.36766457508998,26.39384612886161,26.39384612886161,26.39384612886161,26.39384612886161,26.39384612886161,26.39384612886161,26.39384612886161,26.39384612886161,26.39384612886161,26.39384612886161,26.39384612886161,26.39384612886161
24.861045837402344,25.6223201751709,25.659019470214844,25.128765106201172,26.743968963623047,27.013132095336914,26.401216506958008,26.653766632080078,27.70945930480957,28.022430419921875,27.8962345123291,28.355941772460938,28.052915573120117,28.59182357788086,28.343854904174805,28.849872589111328,28.824642181396484,28.444835662841797,27.679508209228516,27.858295440673828,27.005489349365234,27.047182083129883,26.783510208129883,26.635759353637695,27.272098541259766,26.27591896057129,26.37319564819336,26.38753318786621,26.372264862060547,26.353912353515625,26.36062240600586,26.38997459411621,26.401092529296875,26.408933639526367,26.39727210998535,26.414989471435547,26.412546157836914,26.45166015625,26.425682067871094
26.426413904942027,26.048961371877432,26.74016600811388,26.620934871018566,26.276919358949332,25.063725497130424,25.673142275536648,25.753305814138688,25.227058832508668,24.787677669473677,26.465889854691326,25.26377552470632,25.372801477075836,25.88306232531764,25.709735112680445,26.385167242053253,26.233270427678953,27.757774447923687,27.19732270745213,27.20819655879903,28.07015092743153,27.750108859696855,28.368917204033202,27.998579673691328,29.035239709737272,28.58699822305314,28.72012534222722,28.674848827286862,28.674848827286862,28.674848827286862,28.674848827286862,28.674848827286862,28.674848827286862,28.674848827286862,28.674848827286862,28.674848827286862,28.674848827286862,28.674848827286862,28.674848827286862
26.417142868041992,26.0993595123291,26.738082885742188,26.608386993408203,26.248199462890625,25.116859436035156,25.686969757080078,25.711145401000977,25.247549057006836,24.864055633544922,26.37669563293457,25.30743408203125,25.391258239746094,25.871417999267578,25.730640411376953,26.368640899658203,26.272422790527344,27.680816650390625,27.205060958862305,27.238704681396484,28.02674674987793,27.786659240722656,28.343210220336914,28.041770935058594,28.993511199951172,28.607587814331055,28.726594924926758,28.668149948120117,28.687793731689453,28.675125122070312,28.66855239868164,28.666397094726562,28.668046951293945,28.65949821472168,28.66121482849121,28.638500213623047,28.656539916992188,28.647884368896484,28.612377166748047
25.637111286466624,27.12818135472892,24.409229030320375,25.214674801370954,25.92686657842899,26.641483491267287,26.222021701044632,26.597154196429898,26.659864846183176,26.312867906041866,26.986417861659838,27.96983749122504,27.12490065237293,26.59631124328117,28.80616082570346,28.535692061233014,28.919186784379306,28.541657765126867,28.710763150330717,27.87109978096652,28.823932002661305,28.549670793508028,27.868286995704253,27.472777847505856,26.85943105828776,27.073096137410648,26.408167545596417,26.7635487265741,26.7635487265741,26.7635487265741,26.7635487265741,26.7635487265741,26.7635487265741,26.7635487265741,26.7635487265741,26.7635487265741,26.7635487265741,26.7635487265741,26.7635487265741
25.685237884521484,27.038116455078125,24.48134422302246,25.250564575195312,25.933177947998047,26.5891170501709,26.231985092163086,26.590465545654297,26.648990631103516,26.35171127319336,27.005029678344727,27.916793823242188,27.15046501159668,26.680797576904297,28.740142822265625,28.545230865478516,28.890840530395508,28.555065155029297,28.680755615234375,27.922298431396484,28.77943229675293,28.531307220458984,27.873939514160156,27.46961784362793,26.888593673706055,27.06236457824707,26.46047592163086,26.755090713500977,26.763761520385742,26.750965118408203,26.753053665161133,26.74886131286621,26.740352630615234,26.7520809173584,26.727005004882812,26.785232543945312,26.758460998535156,26.771045684814453,26.75274658203125
27.42975366454434,27.993912009346438,28.953869392667297,28.061668031133067,28.792970334802543,28.151810453413844,28.765275661090804,27.957585360201012,27.640449407847047,27.77009293270745,27.26619274387042,28.021349993529682,26.98226229604894,26.928913949725796,26.194115729865068,26.22312981868773,25.598282533844433,26.149912088130975,25.83841050160858,26.414452421539465,25.497410374677298,25.825166494123053,25.98098373703824,25.545125244417452,25.278094724032613,26.247245434217408,26.180386617664876,26.082513832677208,26.082513832677208,26.082513832677208,26.082513832677208,26.082513832677208,26.082513832677208,26.082513832677208,26.082513832677208,26.082513832677208,26.082513832677208,26.082513832677208,26.082513832677208
27.44113540649414,27.971328735351562,28.87451171875,28.06772232055664,28.767038345336914,28.17329978942871,28.712942123413086,27.9550838470459,27.66126251220703,27.740779876708984,27.296659469604492,27.942947387695312,27.012065887451172,26.91105079650879,26.23228645324707,26.203855514526367,25.658302307128906,26.127145767211914,25.85981559753418,26.359262466430664,25.531522750854492,25.806671142578125,25.966114044189453,25.550607681274414,25.32207489013672,26.21004867553711,26.174898147583008,26.08086585998535,26.089475631713867,26.078563690185547,26.09981918334961,26.092609405517578,26.108652114868164,26.0949649810791,26.09930992126465,26.093517303466797,26.106002807617188,26.088621139526367,26.114032745361328
25.34953713904567,25.04741845087535,24.536198117997383,25.910477733043823,25.982342416417012,25.822635792497618,24.82498903020293,25.65910671950177,27.558809780649508,26.181214422737703,27.703173814126888,28.35282612539512,28.284738498064648,28.64714223719892,28.295038458435577,28.669591516703964,28.852512764879403,29.008817778788657,28.223887491424495,27.81973942681221,28.01886430848183,27.727927432231887,26.71672105352621,26.639610783634698,27.73352356516832,26.45387147438707,25.962072873865694,26.20234981069414,26.20234981069414,26.20234981069414,26.20234981069414,26.20234981069414,26.20234981069414,26.20234981069414,26.20234981069414,26.20234981069414,26.20234981069414,26.20234981069414,26.20234981069414
25.340007781982422,25.044540405273438,24.57713508605957,25.876432418823242,25.94757080078125,25.803625106811523,24.88999366760254,25.704307556152344,27.45104217529297,26.301677703857422,27.681312561035156,28.3161563873291,28.28074073791504,28.61915397644043,28.32712745666504,28.662168502807617,28.85407829284668,28.951566696166992,28.24140167236328,27.855051040649414,28.01722526550293,27.709651947021484,26.77638816833496,26.679443359375,27.619834899902344,26.47103500366211,26.009071350097656,26.20050621032715,26.199316024780273,26.1932373046875,26.16861915588379,26.18113899230957,26.1882266998291,26.178817749023438,26.210186004638672,26.23491668701172,26.248926162719727,26.258338928222656,26.279678344726562
26.841124943846843,26.248735662130013,26.66422731030654,27.15000113150206,26.874001991315343,27.760645983501316,27.704886160642737,28.083812456662695,28.336470523145223,27.62411816675456,28.76219582732031,28.83822769569567,27.011038581683543,28.66099617447817,27.70331964411463,27.748312689272307,28.34245743621021,27.621179698937656,27.527828681187042,26.66948462488645,26.612930199526748,26.24010134716773,26.74472457804861,25.40458087083617,25.414859367562684,25.610722323708128,25.504775351033555,24.75897532922324,24.583839416767812,24.408703504312385,24.233567591856957,24.05843167940153,23.883295766946098,23.70815985449067,23.533023942035243,23.357888029579815,23.182752117124387,23.00761620466896,22.832480292213532
26.682037353515625,26.245634078979492,26.580724716186523,27.072832107543945,26.891881942749023,27.571685791015625,27.672595977783203,28.03646469116211,28.217174530029297,27.815673828125,28.58892822265625,28.660903930664062,27.408926010131836,28.500837326049805,27.83595085144043,27.83690071105957,28.17240333557129,27.608259201049805,27.481250762939453,26.756263732910156,26.618478775024414,26.324848175048828,26.52442741394043,25.52894401550293,25.44750213623047,25.519886016845703,25.394636154174805,24.753013610839844,24.58904457092285,24.4265079498291,24.274314880371094,24.090606689453125,23.897401809692383,23.765380859375,23.613834381103516,23.544559478759766,23.3673095703125,23.2493896484375,22.877824783325195
28.218252596017226,28.31475915261092,28.160411521484633,28.207614073831333,28.272899983382178,27.248103365372287,26.849530870721335,26.24366880251483,27.213467259885533,26.493219038136935,26.217757292928436,25.545363092079768,26.400402165292398,25.599026876400497,25.353967290818044,25.866954847304232,24.394761748919663,25.340509697165647,25.330035336502416,26.39056542233012,26.89408724603199,26.420824879888574,27.430151052769773,26.896981946055288,28.08717537192384,27.691434641843703,28.051226263753932,27.951445309303743,27.951445309303743,27.951445309303743,27.951445309303743,27.951445309303743,27.951445309303743,27.951445309303743,27.951445309303743,27.951445309303743,27.951445309303743,27.951445309303743,27.951445309303743
28.212989807128906,28.3165225982666,28.20939064025879,28.215829849243164,28.197479248046875,27.271095275878906,26.883663177490234,26.297286987304688,27.12582778930664,26.492822647094727,26.197479248046875,25.596555709838867,26.305593490600586,25.602312088012695,25.395427703857422,25.812482833862305,24.518718719482422,25.339561462402344,25.394126892089844,26.36829948425293,26.83010482788086,26.45651626586914,27.36180305480957,26.943561553955078,28.022268295288086,27.708065032958984,28.02256965637207,27.957870483398438,27.963708877563477,27.97646713256836,27.982295989990234,27.96829605102539,27.981374740600586,27.926084518432617,27.938365936279297,27.92522621154785,27.96573829650879,27.939044952392578,27.79724884033203
29.583249500223125,28.524244274670373,26.748217715516102,27.982731152555008,27.904560303903963,27.148280278567984,26.5321699445419,26.13676291482539,26.090402631038874,25.90935961082663,25.83187976126141,25.98428539072851,25.046154909510687,25.26686167310236,25.61770656530135,25.663510145146468,25.79255938520708,26.208737481815877,25.9256356704208,25.83558705771209,27.694304727128554,26.74037061356356,28.50735605282981,29.404506011418125,27.77631757640074,28.625190652926882,28.653548812460567,30.081540082489116,30.23696347141034,30.392386860331566,30.54781024925279,30.703233638174012,30.858657027095237,31.014080416016462,31.169503804937687,31.324927193858912,31.480350582780137,31.63577397170136,31.791197360622583
29.41203498840332,28.504314422607422,27.062421798706055,27.994346618652344,27.793237686157227,27.162078857421875,26.580846786499023,26.250011444091797,26.095945358276367,25.919118881225586,25.850811004638672,25.862375259399414,25.16687774658203,25.29210090637207,25.547607421875,25.67779541015625,25.783281326293945,26.116952896118164,26.04022979736328,25.97907829284668,27.474782943725586,26.908119201660156,28.347379684448242,29.11636734008789,27.988933563232422,28.735008239746094,28.803539276123047,30.001657485961914,30.182924270629883,30.343585968017578,30.532094955444336,30.703962326049805,30.918550491333008,31.020973205566406,31.13248634338379,31.24398422241211,31.278038024902344,31.555309295654297,31.285615921020508
25.58148658867713,24.61942940720442,26.60914808860355,25.191630801456917,25.92287908624116,26.879731197317803,25.41846204196947,25.95451613116786,26.501682962044036,26.71206849523125,27.28079119745253,27.484988621861785,27.413292574466766,28.15568331843348,27.965519035256445,29.180810969122007,28.3673691020884,29.304751450421843,28.71226930474783,28.44267683703971,28.20137655962764,28.395879751132007,27.525908418522913,27.508098591195825,26.844348317454163,26.42495463461906,25.770681144688247,26.087228905421078,26.087228905421078,26.087228905421078,26.087228905421078,26.087228905421078,26.087228905421078,26.087228905421078,26.087228905421078,26.087228905421078,26.087228905421078,26.087228905421078,26.087228905421078
25.566078186035156,24.71011734008789,26.523805618286133,25.247074127197266,25.918292999267578,26.763235092163086,25.495784759521484,25.967897415161133,26.49879264831543,26.71953773498535,27.272428512573242,27.474565505981445,27.44127655029297,28.137907028198242,28.020469665527344,29.10101318359375,28.42687225341797,29.250471115112305,28.710481643676758,28.443532943725586,28.22608757019043,28.338359832763672,27.567119598388672,27.485483169555664,26.853343963623047,26.43058967590332,25.827167510986328,26.06987953186035,26.092714309692383,26.067901611328125,26.07801628112793,26.078445434570312,26.07267951965332,26.062604904174805,26.086278915405273,26.08733558654785,26.126745223999023,26.11377716064453,26.127079010009766
25.533214873892717,27.029061459723827,26.896137321086613,27.55747104652198,27.94157055885686,28.03988568196834,28.509475303675142,28.34179967934968,27.587603017462513,27.617916660926884,28.74220532400262,27.698040765244855,28.80819031430504,27.634941403928394,26.64926794368297,26.471893673744223,25.856357803512356,27.238406243626443,26.937631055201404,26.22413135848887,25.435149895426648,25.01704137095399,25.56817307453771,24.76327061753913,26.87537063923099,25.14632411860574,26.106901299568005,25.87692293598227,25.87692293598227,25.87692293598227,25.87692293598227,25.87692293598227,25.87692293598227,25.87692293598227,25.87692293598227,25.87692293598227,25.87692293598227,25.87692293598227,25.87692293598227
25.566680908203125,27.022098541259766,26.90703773498535,27.552061080932617,27.935733795166016,28.04547882080078,28.50189781188965,28.311519622802734,27.611549377441406,27.644744873046875,28.673511505126953,27.7481746673584,28.73723030090332,27.631160736083984,26.676130294799805,26.46135711669922,25.928730010986328,27.182884216308594,26.93235969543457,26.219449996948242,25.456361770629883,25.03836441040039,25.538362503051758,24.84145736694336,26.77131462097168,25.206829071044922,26.078758239746094,25.868188858032227,25.882568359375,25.86025047302246,25.88170623779297,25.896272659301758,25.87833023071289,25.89302635192871,25.886173248291016,25.886756896972656,25.907419204711914,25.88306999206543,25.914581298828125
25.680773471712484,26.557265072751484,26.002652328782972,26.292623760325256,27.335323925588167,28.573276684855596,27.835970587570813,28.562073358989903,28.38072533896891,29.155008302441992,28.674435731998415,29.133741776747225,28.052487140506194,28.88625438906501,28.36279503953482,27.854676818002723,28.76360894291428,27.545526228937224,26.67961086496401,26.13989906567265,25.71344005155338,26.811230067390458,25.476233070845172,25.579887892658633,24.921828301083224,25.199677654354144,25.06360836283923,24.658192751473603,24.701144143895643,24.744095536317687,24.78704692873973,24.82999832116177,24.872949713583814,24.915901106005858,24.9588524984279,25.001803890849942,25.044755283271986,25.087706675694026,25.13065806811607
25.684459686279297,26.490924835205078,26.14176368713379,26.399076461791992,27.317230224609375,28.309900283813477,27.902271270751953,28.531787872314453,28.43512725830078,29.092945098876953,28.691198348999023,29.03017234802246,28.21929931640625,28.79551887512207,28.39385986328125,27.91272735595703,28.560901641845703,27.474483489990234,26.799325942993164,26.286319732666016,25.84772491455078,26.619815826416016,25.515226364135742,25.524919509887695,24.97835350036621,25.136444091796875,24.99843406677246,24.665578842163086,24.740453720092773,24.724451065063477,24.777183532714844,24.854976654052734,24.890134811401367,24.946853637695312,24.959915161132812,25.05788803100586,25.197425842285156,25.203556060791016,25.179046630859375
-4.234133782042267,-4.944537778174375,-4.72815874725807,-3.8681449647829993,-2.6612776716385365,-4.050633266813191,-2.7871584107445577,-3.1514328477228464,-3.23381678805915,-2.0890388631549013,-2.756030187320823,-2.161729475123906,-0.778932358948237,-1.4929565365297324,0.12256848862799824,0.04042609477439152,3.08989249257937,5.596480315213085,9.621178442622641,15.420402975946464,24.442247863852582,32.96423781825374,41.60065278289693,47.95366509823451,50.16151597523735,50.43714745228388,47.41817171093525,50.07504570211385,52.73121018816667,55.38737467421949,58.0435391602723,60.69970364632512,63.355868132377935,66.01203261843077,68.66819710448357,71.3243615905364,73.98052607658921,76.63669056264203,79.29285504869485
-4.305441856384277,-4.605398654937744,-4.253265857696533,-3.4854869842529297,-2.8804192543029785,-3.4132187366485596,-3.0657260417938232,-3.249378204345703,-3.135850667953491,-2.571787118911743,-2.510448932647705,-1.9249919652938843,-1.046918272972107,-1.0019400119781494,-0.09226382523775101,0.37828242778778076,2.3273274898529053,5.100082874298096,9.738107681274414,16.242570877075195,24.840229034423828,33.3603515625,41.165260314941406,46.88971710205078,49.641807556152344,50.36899185180664,49.34011459350586,50.45005416870117,52.21280288696289,54.57258224487305,57.45840835571289,60.606178283691406,63.70279312133789,66.5116958618164,68.98350524902344,71.318603515625,73.52884674072266,75.72876739501953,77.73497772216797
27.932552911035764,28.996140803568487,26.943658362033045,27.528249254333666,26.39478151092621,26.536108048835064,26.762048746741183,26.6306002701251,25.42709864115307,26.230655454258553,25.416146193008586,25.597953628276198,24.705898398878073,26.234963968644166,25.51276371185632,25.087077024209243,25.50346708413089,26.5607692163175,26.577266259434936,25.822652990142082,26.76321492188259,26.519230635445822,27.966575807009836,27.164035178548747,27.629944807208986,28.269336435775227,29.108616815993187,28.94289565755196,29.32167565906319,29.70045566057442,30.079235662085647,30.45801566359688,30.836795665108106,31.215575666619337,31.594355668130564,31.973135669641795,32.35191567115302,32.730695672664254,33.109475674175485
27.965656280517578,28.615955352783203,27.0672664642334,27.46756935119629,26.648727416992188,26.523658752441406,26.715986251831055,26.514286041259766,25.722686767578125,26.1398983001709,25.554365158081055,25.636245727539062,25.05221939086914,25.990537643432617,25.479778289794922,25.24983024597168,25.538455963134766,26.347623825073242,26.376691818237305,25.966341018676758,26.684486389160156,26.63329315185547,27.66489601135254,27.35357666015625,27.782012939453125,28.303714752197266,28.97403335571289,29.029512405395508,29.325456619262695,29.702322006225586,30.06452178955078,30.491912841796875,30.852670669555664,31.177169799804688,31.467601776123047,31.74200439453125,31.992576599121094,32.40512466430664,32.48601531982422
27.43207040461921,27.62168276777496,27.80813345266155,27.865286108609443,28.37932836329,28.910206168148317,28.132210732957038,28.407756958118036,28.26750217303718,28.301245033321628,28.073790289363313,27.26420618141653,27.455087971671286,27.53930653103156,26.77876035947072,27.80031711060644,26.962189727990136,25.6653505998669,25.55672331590833,25.891421853596036,25.85622358834828,25.937749727457618,24.940125361806327,26.49622886787138,25.31921934630248,26.30451064164038,25.664116647321674,25.811528900456107,25.811528900456107,25.811528900456107,25.811528900456107,25.811528900456107,25.811528900456107,25.811528900456107,25.811528900456107,25.811528900456107,25.811528900456107,25.811528900456107,25.811528900456107
27.430559158325195,27.6337890625,27.834505081176758,27.88028335571289,28.368276596069336,28.860986709594727,28.162174224853516,28.387943267822266,28.26923370361328,28.274673461914062,28.038299560546875,27.294626235961914,27.437429428100586,27.52980613708496,26.793376922607422,27.757938385009766,26.94146728515625,25.718585968017578,25.590145111083984,25.899356842041016,25.874189376831055,25.907207489013672,25.003265380859375,26.417449951171875,25.35390853881836,26.256420135498047,25.67706298828125,25.80365562438965,25.807209014892578,25.822134017944336,25.814697265625,25.84035873413086,25.80435562133789,25.836881637573242,25.810409545898438,25.835960388183594,25.816123962402344,25.839597702026367,25.82999038696289
28.251339356250657,28.995992448290078,28.54923242352133,28.642824428199187,28.445030523833402,26.67133538219491,28.85723723546269,27.998521132019043,27.2898818997427,27.647946804608853,27.05872840195231,26.65774599743332,26.779781655856684,26.08704844798775,26.080816994566312,25.93073391516875,25.06366214639833,26.669211876252675,25.284753512064942,26.077774840713857,25.64260816359218,25.784004649111463,25.731278926247622,26.54055272489285,26.367820247997667,26.91341148764316,27.629314445516723,27.130135854535915,27.130135854535915,27.130135854535915,27.130135854535915,27.130135854535915,27.130135854535915,27.130135854535915,27.130135854535915,27.130135854535915,27.130135854535915,27.130135854535915,27.130135854535915
28.208824157714844,28.845661163330078,28.57029151916504,28.617273330688477,28.429702758789062,26.996362686157227,28.645593643188477,27.983108520507812,27.250564575195312,27.52926254272461,27.020044326782227,26.67674446105957,26.712156295776367,26.127695083618164,26.121286392211914,25.91437530517578,25.257198333740234,26.450885772705078,25.392536163330078,25.998310089111328,25.703733444213867,25.81475830078125,25.837398529052734,26.479511260986328,26.376211166381836,26.889270782470703,27.4759521484375,27.120956420898438,27.12109375,27.185565948486328,27.169891357421875,27.235626220703125,27.16278076171875,27.19110107421875,27.134845733642578,27.156383514404297,27.09401512145996,27.158315658569336,27.028770446777344
28.402259288544673,28.15566077987098,27.12725089748707,27.14247357855373,26.289693197463123,26.198848145510528,26.33588744766844,26.542334985452083,25.145274116651862,27.075218960721905,25.052339459271685,25.56446823527756,25.05966307104262,25.151040782395377,25.504337176097824,26.032600211155547,24.892344784073963,25.89115582841654,26.51403957385503,27.274493762758443,26.88430758676602,26.63818679548874,26.891776090955826,27.67216225745705,27.80155770219761,28.14193582533751,28.19394719830223,28.107843333929114,28.107843333929114,28.107843333929114,28.107843333929114,28.107843333929114,28.107843333929114,28.107843333929114,28.107843333929114,28.107843333929114,28.107843333929114,28.107843333929114,28.107843333929114
28.40089988708496,28.109941482543945,27.158964157104492,27.10966682434082,26.308822631835938,26.21775245666504,26.34366798400879,26.480907440185547,25.227571487426758,26.94921875,25.120594024658203,25.538530349731445,25.09379768371582,25.168087005615234,25.505271911621094,25.997028350830078,24.953365325927734,25.884403228759766,26.507999420166016,27.22088623046875,26.868431091308594,26.671180725097656,26.911949157714844,27.66168975830078,27.801868438720703,28.115751266479492,28.19316864013672,28.122175216674805,28.104339599609375,28.142059326171875,28.10762596130371,28.115190505981445,28.106081008911133,28.09577178955078,28.10019874572754,28.106225967407227,28.086868286132812,28.092830657958984,28.05143165588379
25.981704970304115,25.72818421660973,24.77439024341819,25.860534053555263,25.946957789513394,25.891372974475043,25.933072526056694,25.828557884332106,26.552224698448487,26.932895296532923,26.645632813693986,27.270674933406504,28.506618475947146,28.65695592627525,27.910369830740056,28.48496881849047,28.361015574385785,28.371856386850816,28.00406452507033,28.71777148263874,27.709315043414506,28.4915893095827,27.301395525074014,28.355480072226673,26.84678905179208,26.943287837781718,26.153164900753595,26.457851225033565,26.457851225033565,26.457851225033565,26.457851225033565,26.457851225033565,26.457851225033565,26.457851225033565,26.457851225033565,26.457851225033565,26.457851225033565,26.457851225033565,26.457851225033565
25.946237564086914,25.736064910888672,24.79900360107422,25.847898483276367,25.930856704711914,25.886327743530273,25.931921005249023,25.866943359375,26.553041458129883,26.92604637145996,26.683610916137695,27.30072784423828,28.463041305541992,28.625856399536133,27.936981201171875,28.46904182434082,28.35774803161621,28.379337310791016,28.025978088378906,28.667804718017578,27.747943878173828,28.446880340576172,27.35291862487793,28.28587532043457,26.888134002685547,26.940950393676758,26.191383361816406,26.461484909057617,26.4545841217041,26.45676040649414,26.45216178894043,26.432506561279297,26.442026138305664,26.439008712768555,26.45431137084961,26.44219207763672,26.470632553100586,26.46192741394043,26.485836029052734
25.778199479426252,26.84402661394813,26.916893772759853,28.016787567324677,28.070610403602988,27.460851373934837,27.727331493324247,29.823954549712003,28.702407501531926,27.710561887366634,28.441890034392927,28.9017922282187,28.653775233387105,28.534764497570755,28.420597472692886,26.8362761605033,27.993279744935247,27.101903790800204,26.752485638193598,26.10238230010662,25.724150753884892,26.04091175941158,25.820058753630754,24.99490947929306,25.350204731290358,25.237525958625632,24.54497123126507,24.671756061488942,24.669945811534916,24.668135561580893,24.666325311626867,24.664515061672844,24.662704811718818,24.660894561764795,24.659084311810773,24.657274061856747,24.655463811902724,24.653653561948698,24.651843311994675
25.780458450317383,26.844070434570312,26.942758560180664,27.97930145263672,28.060754776000977,27.48002052307129,27.773635864257812,29.731348037719727,28.70057487487793,27.7657413482666,28.438859939575195,28.881383895874023,28.63951873779297,28.530517578125,28.36737060546875,26.923118591308594,27.930274963378906,27.135866165161133,26.736064910888672,26.121417999267578,25.753273010253906,26.02825164794922,25.79939842224121,25.023658752441406,25.331512451171875,25.22406005859375,24.56221580505371,24.66145896911621,24.6652774810791,24.66893196105957,24.66573143005371,24.64899444580078,24.66164779663086,24.659879684448242,24.675329208374023,24.69590187072754,24.68010902404785,24.699878692626953,24.718605041503906
28.333956191437228,27.97868583159559,28.610943550560062,27.98581469028577,28.653284327414426,28.18677227551605,28.89530732544595,28.82544612972587,28.401000989815664,28.306830116705086,27.069698577416066,27.418513117243535,26.135023768627136,27.479252661971334,26.196589458335815,27.157889471832117,25.346321939482763,26.185422327114,25.89838313557113,24.458316721987593,25.497481344672853,26.386329717998127,24.81278575063072,26.3731495430394,25.831928558587524,27.308195220435802,26.97801782828494,26.78310179726209,26.78310179726209,26.78310179726209,26.78310179726209,26.78310179726209,26.78310179726209,26.78310179726209,26.78310179726209,26.78310179726209,26.78310179726209,26.78310179726209,26.78310179726209
28.336084365844727,27.980365753173828,28.60431671142578,28.028900146484375,28.637197494506836,28.217374801635742,28.893396377563477,28.792438507080078,28.40300750732422,28.276233673095703,27.098390579223633,27.402414321899414,26.19073486328125,27.397493362426758,26.25200080871582,27.068613052368164,25.418212890625,26.156436920166016,25.874774932861328,24.54497528076172,25.50633430480957,26.316987991333008,24.905982971191406,26.306884765625,25.882341384887695,27.252342224121094,26.95893096923828,26.78428077697754,26.791423797607422,26.773778915405273,26.794984817504883,26.77588653564453,26.80340003967285,26.795438766479492,26.785043716430664,26.784873962402344,26.802095413208008,26.755165100097656,26.801742553710938
28.477285350976086,28.478769256468077,28.381150680013207,28.795254803278556,27.220157913555862,26.83414692811076,28.228434630319796,26.56558771305936,26.49264551514976,25.755838543094917,27.078726265305924,26.186044544287054,26.64224938968304,25.232002565524017,24.253884454893225,25.22485821616654,25.96197316885726,25.826615782221495,25.310900683195896,26.021450121046108,26.354947949949636,26.622046468708245,26.3096422984299,26.97396652780335,26.82862740885192,27.101481134504056,27.94956690082016,27.57479034110215,27.57479034110215,27.57479034110215,27.57479034110215,27.57479034110215,27.57479034110215,27.57479034110215,27.57479034110215,27.57479034110215,27.57479034110215,27.57479034110215,27.57479034110215
28.467567443847656,28.434467315673828,28.39335060119629,28.745887756347656,27.25018310546875,26.886728286743164,28.135549545288086,26.608192443847656,26.472049713134766,25.83242416381836,26.996620178222656,26.20220947265625,26.567951202392578,25.257484436035156,24.342212677001953,25.23288345336914,25.93556022644043,25.80389404296875,25.352067947387695,26.005359649658203,26.34323501586914,26.597219467163086,26.333139419555664,26.963972091674805,26.850313186645508,27.119779586791992,27.89790153503418,27.578439712524414,27.585023880004883,27.592803955078125,27.577253341674805,27.567041397094727,27.580799102783203,27.590476989746094,27.583337783813477,27.571102142333984,27.55731773376465,27.551002502441406,27.556636810302734
26.412266040730373,26.267171212756473,24.454326648074144,26.021468401437716,25.407338165168515,25.657323941331335,25.459330108363147,25.931546374199797,26.352407365073613,25.582835043975678,26.29203311642117,27.001720165235977,26.897739367199563,26.53599932075735,27.34309795843955,27.597969847783013,28.289631776315773,28.401148950100676,28.45161233371922,29.109091735438493,28.76926669315899,27.809213904017234,28.351829999603627,28.045929887578247,27.753950414511394,28.206172347235594,27.473426921677017,27.710621048883535,27.710621048883535,27.710621048883535,27.710621048883535,27.710621048883535,27.710621048883535,27.710621048883535,27.710621048883535,27.710621048883535,27.710621048883535,27.710621048883535,27.710621048883535
26.420183181762695,26.244007110595703,24.553022384643555,25.950931549072266,25.444589614868164,25.64826011657715,25.469100952148438,25.93770980834961,26.30644416809082,25.630767822265625,26.307600021362305,26.980064392089844,26.899513244628906,26.576454162597656,27.33674430847168,27.609983444213867,28.273447036743164,28.38578987121582,28.462339401245117,29.071311950683594,28.746559143066406,27.85639762878418,28.32832908630371,28.059242248535156,27.77969741821289,28.1717529296875,27.512521743774414,27.700950622558594,27.724571228027344,27.703882217407227,27.694904327392578,27.69684600830078,27.693429946899414,27.689924240112305,27.695087432861328,27.696395874023438,27.715280532836914,27.695419311523438,27.695711135864258
29.019477252494127,28.864116550567008,28.482024727300725,28.807499483241962,27.592413072038575,28.1698399073121,26.711944367332904,27.387731515046607,26.834715994568956,27.58223774159326,26.543979311183346,26.09297184015899,25.439287494761686,25.53441101009883,25.848738221652965,24.795778167635437,25.595908378628437,26.236607261234912,25.508204174597335,25.88283379856699,25.80664638316194,25.798353130344903,26.425021268037494,26.71022515067831,26.851551141417886,27.57646164407384,27.925469809079555,28.169341352279467,28.58341158099105,28.99748180970263,29.411552038414214,29.825622267125798,30.23969249583738,30.653762724548965,31.067832953260545,31.48190318197213,31.895973410683713,32.310043639395296,32.724113868106876
28.91632080078125,28.815277099609375,28.43730354309082,28.60266876220703,27.788936614990234,28.023284912109375,27.051509857177734,27.302392959594727,26.969173431396484,27.3916015625,26.5756893157959,26.18778419494629,25.643360137939453,25.663658142089844,25.78487777709961,25.00456428527832,25.50375747680664,25.991962432861328,25.465862274169922,25.773557662963867,25.797096252441406,25.838193893432617,26.399677276611328,26.720937728881836,26.93001365661621,27.572689056396484,27.95094108581543,28.21443748474121,28.63372802734375,29.044879913330078,29.43316650390625,29.851898193359375,30.2376708984375,30.59173583984375,30.932064056396484,31.18562126159668,31.527908325195312,31.88437271118164,32.02898406982422
